patient_id,full_name,age,municipality,barangay,address,fever,cough,difficulty_breathing,severe_fatigue,chest_pain,diarrhea,vomiting,dehydration,loss_of_appetite,body_weakness,stomach_pain,intestinal_worms,cold_exposure,dense_fog,smoke_exposure,chronic_cough,asthma,symptom_text,notes,risk_level,referral_recommendation,priority,source
P001,Maricel Dela Cruz,34,Tangub City,Owayan,"Purok 2, Owayan, Tangub City",1,1,0,0,0,0,0,0,0,0,0,0,0,0,0,0,0,hubak ug hilanat,Mild fever and cough observed,Low,Routine consultation / monitoring,Scheduled visit,curated
P002,Josefina Neri,62,Don Victoriano,Hoyohoy,"Sitio Kahayag, Hoyohoy",1,0,1,1,0,0,0,0,1,1,0,0,0,0,0,0,0,"lisod ug ginhawa, kapoy, wala gyuy gana mokaon",Older adult with worsening weakness,High,Emergency referral to nearest hospital or clinic,Immediate referral,curated
P003,Rafael Sarmiento,28,Tangub City,Owayan,"Barangay Owayan, Purok 5",0,0,0,0,0,1,1,0,0,0,0,0,0,0,0,0,0,kalibanga ug pagsuka,Acute gastrointestinal symptoms,Low,Routine consultation / monitoring,Scheduled visit,curated
P004,Anita Baylon,51,Don Victoriano,Hoyohoy,"Purok 3, Hoyohoy",1,0,0,1,0,0,0,1,1,1,0,0,0,0,0,0,0,"hilanat, kapoy, dehydration, loss of appetite",Persistent weakness and dehydration,High,Emergency referral to nearest hospital or clinic,Immediate referral,curated
P005,Arnold Lontoc,19,Don Victoriano,Owayan,"Sitio Pag-asa, Owayan",0,1,0,0,0,0,0,0,0,0,0,0,0,0,0,0,0,ubo lang,Mild respiratory symptom,Low,Routine consultation / monitoring,Scheduled visit,curated
P006,Mildred Gomez,45,Tangub City,Owayan,"Purok 1, Owayan",0,0,1,0,1,0,0,0,0,0,0,0,0,0,0,0,0,sakit sa dughan ug lisod ug ginhawa,Chest pain and difficulty breathing,High,Emergency referral to nearest hospital or clinic,Immediate referral,curated
P007,Charles Polido,39,Don Victoriano,Hoyohoy,"Barangay Hoyohoy, Purok 7",1,1,0,0,0,1,0,0,0,0,0,0,0,0,0,0,0,"hilanat, ubo, kalibanga",Fever with cough and diarrhea,Moderate,Consult healthcare professional within 24 hours,Urgent evaluation,curated
P008,Judith Taban,72,Tangub City,Owayan,"Purok 4, Owayan",1,0,0,1,0,0,0,1,1,1,0,0,0,0,0,0,0,"hikog, hilanat, sugo, walay gana mokaon",Older adult with dehydration worries,High,Emergency referral to nearest hospital or clinic,Immediate referral,curated
P009,Emmanuel Bohol,26,Don Victoriano,Hoyohoy,"Barangay Hoyohoy, Sitio Bato",0,0,0,0,0,0,0,0,0,1,0,0,0,0,0,0,0,kaluya sa lawas,General weakness only,Low,Routine consultation / monitoring,Scheduled visit,curated
P010,Rosemarie Patalinghug,53,Tangub City,Hoyohoy,"Purok 6, Hoyohoy",1,1,1,1,0,0,0,0,0,0,0,0,0,0,0,0,0,"hubak, hilanat, lisod ug ginhawa",Multiple symptoms requiring review,High,Emergency referral to nearest hospital or clinic,Immediate referral,curated
P011,Alfred Balanay,31,Don Victoriano,Owayan,"Barangay Owayan, Purok 9",0,0,0,0,0,1,1,1,1,0,0,0,0,0,0,0,0,"kalibanga, pagsuka, dehydration, wala gyuy gana mokaon",GI infection indicators,High,Emergency referral to nearest hospital or clinic,Immediate referral,curated
P012,Noemi Nacua,60,Tangub City,Owayan,"Purok 3, Owayan",1,0,0,1,0,0,0,0,0,1,0,0,0,0,0,0,0,hilanat ug kakapoy,Senior patient with fatigue,Moderate,Consult healthcare professional within 24 hours,Urgent evaluation,curated
P013,Harold Delos Reyes,23,Don Victoriano,Hoyohoy,"Sitio Bunga, Hoyohoy",0,0,0,0,0,0,0,0,0,0,0,0,0,0,0,0,0,walay simtoma,No reported symptoms,Low,Routine consultation / monitoring,Scheduled visit,curated
P014,Lorena Cagas,48,Don Victoriano,Owayan,"Barangay Owayan, Purok 8",1,1,0,0,0,0,0,0,0,0,0,0,0,0,0,0,0,hilanat ug ubo,Early respiratory symptoms,Low,Routine consultation / monitoring,Scheduled visit,curated
P015,Mark Villanueva,37,Tangub City,Hoyohoy,"Barangay Hoyohoy, Purok 10",0,1,1,0,1,0,0,0,0,0,0,0,0,0,0,0,0,"ubo, lisod ug ginhawa, sakit sa dughan",Potential urgent respiratory event,High,Emergency referral to nearest hospital or clinic,Immediate referral,curated
P016,Shiela Eslawan,41,Tangub City,Owayan,"Purok 5, Owayan",0,0,0,1,0,1,0,0,1,1,0,0,0,0,0,0,0,"kapoy, kalibanga, wala gyuy gana mokaon, kaluya",Multi-symptom moderate case,Moderate,Consult healthcare professional within 24 hours,Urgent evaluation,curated
SYN001,Synthetic Case,32,Tangub City,Owayan,"Owayan, Tangub City",0,0,0,0,0,0,0,0,0,0,0,0,0,0,0,0,0,walay simtoma,Synthetic training case (rule-engine generated; see scripts/generate_synthetic_dataset.py),Low,Routine consultation / monitoring,Scheduled visit,synthetic
SYN002,Synthetic Case,31,Don Victoriano,Bagumbang,"Bagumbang, Don Victoriano",0,0,0,0,0,0,0,0,0,0,0,0,0,1,0,0,0,gabun,Synthetic training case (rule-engine generated; see scripts/generate_synthetic_dataset.py),Low,Routine consultation / monitoring,Scheduled visit,synthetic
SYN003,Synthetic Case,21,Don Victoriano,Lalud,"Lalud, Don Victoriano",0,0,0,0,0,0,1,0,0,0,0,0,0,0,0,0,0,pagsuka,Synthetic training case (rule-engine generated; see scripts/generate_synthetic_dataset.py),Low,Routine consultation / monitoring,Scheduled visit,synthetic
SYN004,Synthetic Case,28,Don Victoriano,Petian,"Petian, Don Victoriano",0,0,0,0,0,0,0,0,0,1,0,1,0,0,0,0,0,"kaluya sa lawas, bitok",Synthetic training case (rule-engine generated; see scripts/generate_synthetic_dataset.py),Low,Routine consultation / monitoring,Scheduled visit,synthetic
SYN005,Synthetic Case,55,Don Victoriano,Lalud,"Lalud, Don Victoriano",0,0,0,0,0,0,0,0,0,0,0,0,0,0,0,0,0,walay simtoma,Synthetic training case (rule-engine generated; see scripts/generate_synthetic_dataset.py),Low,Routine consultation / monitoring,Scheduled visit,synthetic
SYN006,Synthetic Case,22,Don Victoriano,Lampasan,"Lampasan, Don Victoriano",0,0,0,0,0,0,0,0,0,0,0,0,1,0,0,0,0,pirteng bugnawa,Synthetic training case (rule-engine generated; see scripts/generate_synthetic_dataset.py),Low,Routine consultation / monitoring,Scheduled visit,synthetic
SYN007,Synthetic Case,26,Don Victoriano,Petian,"Petian, Don Victoriano",0,0,0,0,0,0,0,0,0,0,0,0,0,0,0,0,0,walay simtoma,Synthetic training case (rule-engine generated; see scripts/generate_synthetic_dataset.py),Low,Routine consultation / monitoring,Scheduled visit,synthetic
SYN008,Synthetic Case,76,Don Victoriano,Lampasan,"Lampasan, Don Victoriano",0,0,0,0,0,0,0,0,0,0,0,0,0,0,0,0,0,walay simtoma,Synthetic training case (rule-engine generated; see scripts/generate_synthetic_dataset.py),Low,Routine consultation / monitoring,Scheduled visit,synthetic
SYN009,Synthetic Case,35,Don Victoriano,Petian,"Petian, Don Victoriano",0,0,0,0,0,0,0,0,1,0,0,0,0,1,0,0,0,"wala gyuy gana mokaon, gabun",Synthetic training case (rule-engine generated; see scripts/generate_synthetic_dataset.py),Low,Routine consultation / monitoring,Scheduled visit,synthetic
SYN010,Synthetic Case,29,Don Victoriano,Lake Duminagat,"Lake Duminagat, Don Victoriano",0,0,0,1,0,0,0,0,0,0,0,0,0,0,0,0,0,kapoy,Synthetic training case (rule-engine generated; see scripts/generate_synthetic_dataset.py),Low,Routine consultation / monitoring,Scheduled visit,synthetic
SYN011,Synthetic Case,40,Don Victoriano,Siloy,"Siloy, Don Victoriano",0,0,0,0,0,0,0,0,0,1,0,0,0,0,0,0,0,kaluya sa lawas,Synthetic training case (rule-engine generated; see scripts/generate_synthetic_dataset.py),Low,Routine consultation / monitoring,Scheduled visit,synthetic
SYN012,Synthetic Case,38,Don Victoriano,Napangan,"Napangan, Don Victoriano",0,0,0,0,0,0,0,0,0,0,1,0,0,0,0,0,0,sakit sa tiyan,Synthetic training case (rule-engine generated; see scripts/generate_synthetic_dataset.py),Low,Routine consultation / monitoring,Scheduled visit,synthetic
SYN013,Synthetic Case,20,Tangub City,Hoyohoy,"Hoyohoy, Tangub City",0,0,0,0,0,0,0,0,0,0,0,1,0,0,0,0,0,bitok,Synthetic training case (rule-engine generated; see scripts/generate_synthetic_dataset.py),Low,Routine consultation / monitoring,Scheduled visit,synthetic
SYN014,Synthetic Case,28,Don Victoriano,Gandawan,"Gandawan, Don Victoriano",0,0,0,0,0,0,0,0,0,0,0,0,0,0,0,1,0,sigeg ubo nga nagdugay,Synthetic training case (rule-engine generated; see scripts/generate_synthetic_dataset.py),Low,Routine consultation / monitoring,Scheduled visit,synthetic
SYN015,Synthetic Case,18,Don Victoriano,Lalud,"Lalud, Don Victoriano",0,1,0,0,0,0,0,0,0,0,0,0,0,0,0,0,0,ubo,Synthetic training case (rule-engine generated; see scripts/generate_synthetic_dataset.py),Low,Routine consultation / monitoring,Scheduled visit,synthetic
SYN016,Synthetic Case,26,Don Victoriano,Gandawan,"Gandawan, Don Victoriano",0,0,0,0,0,0,0,0,0,0,1,0,0,0,0,0,0,sakit sa tiyan,Synthetic training case (rule-engine generated; see scripts/generate_synthetic_dataset.py),Low,Routine consultation / monitoring,Scheduled visit,synthetic
SYN017,Synthetic Case,30,Don Victoriano,Liboron,"Liboron, Don Victoriano",0,0,0,0,0,0,0,0,0,0,0,0,0,1,0,0,0,gabun,Synthetic training case (rule-engine generated; see scripts/generate_synthetic_dataset.py),Low,Routine consultation / monitoring,Scheduled visit,synthetic
SYN018,Synthetic Case,30,Tangub City,Owayan,"Owayan, Tangub City",0,0,0,0,0,0,0,0,0,0,0,0,1,0,0,0,0,pirteng bugnawa,Synthetic training case (rule-engine generated; see scripts/generate_synthetic_dataset.py),Low,Routine consultation / monitoring,Scheduled visit,synthetic
SYN019,Synthetic Case,49,Tangub City,Hoyohoy,"Hoyohoy, Tangub City",0,0,0,0,0,0,0,0,0,0,0,0,0,0,1,0,0,aso sa dabu-dabu,Synthetic training case (rule-engine generated; see scripts/generate_synthetic_dataset.py),Low,Routine consultation / monitoring,Scheduled visit,synthetic
SYN020,Synthetic Case,30,Don Victoriano,Gandawan,"Gandawan, Don Victoriano",1,0,0,0,0,0,0,0,0,0,0,0,0,0,0,0,0,hilanat,Synthetic training case (rule-engine generated; see scripts/generate_synthetic_dataset.py),Low,Routine consultation / monitoring,Scheduled visit,synthetic
SYN021,Synthetic Case,25,Don Victoriano,Bagumbang,"Bagumbang, Don Victoriano",0,0,0,0,0,0,0,0,0,0,1,0,0,0,0,0,0,sakit sa tiyan,Synthetic training case (rule-engine generated; see scripts/generate_synthetic_dataset.py),Low,Routine consultation / monitoring,Scheduled visit,synthetic
SYN022,Synthetic Case,58,Don Victoriano,Lake Duminagat,"Lake Duminagat, Don Victoriano",0,0,0,0,0,0,0,0,1,0,0,0,1,0,0,0,0,"wala gyuy gana mokaon, pirteng bugnawa",Synthetic training case (rule-engine generated; see scripts/generate_synthetic_dataset.py),Low,Routine consultation / monitoring,Scheduled visit,synthetic
SYN023,Synthetic Case,30,Don Victoriano,Nueva Vista,"Nueva Vista, Don Victoriano",0,0,0,0,0,0,1,0,0,0,0,0,0,0,0,0,0,pagsuka,Synthetic training case (rule-engine generated; see scripts/generate_synthetic_dataset.py),Low,Routine consultation / monitoring,Scheduled visit,synthetic
SYN024,Synthetic Case,56,Don Victoriano,Siloy,"Siloy, Don Victoriano",0,0,0,0,0,0,0,0,0,1,0,0,0,0,0,0,0,kaluya sa lawas,Synthetic training case (rule-engine generated; see scripts/generate_synthetic_dataset.py),Low,Routine consultation / monitoring,Scheduled visit,synthetic
SYN025,Synthetic Case,37,Don Victoriano,Petian,"Petian, Don Victoriano",0,0,0,0,0,0,0,0,0,0,0,1,0,0,0,0,0,bitok,Synthetic training case (rule-engine generated; see scripts/generate_synthetic_dataset.py),Low,Routine consultation / monitoring,Scheduled visit,synthetic
SYN026,Synthetic Case,60,Don Victoriano,Lampasan,"Lampasan, Don Victoriano",0,0,0,1,0,0,0,0,0,0,0,0,0,0,0,0,0,kapoy,Synthetic training case (rule-engine generated; see scripts/generate_synthetic_dataset.py),Low,Routine consultation / monitoring,Scheduled visit,synthetic
SYN027,Synthetic Case,42,Tangub City,Owayan,"Owayan, Tangub City",0,1,0,0,0,0,0,0,0,0,0,0,0,0,0,0,0,ubo,Synthetic training case (rule-engine generated; see scripts/generate_synthetic_dataset.py),Low,Routine consultation / monitoring,Scheduled visit,synthetic
SYN028,Synthetic Case,43,Don Victoriano,Gandawan,"Gandawan, Don Victoriano",0,0,0,0,0,0,0,0,0,0,0,0,0,1,0,0,0,gabun,Synthetic training case (rule-engine generated; see scripts/generate_synthetic_dataset.py),Low,Routine consultation / monitoring,Scheduled visit,synthetic
SYN029,Synthetic Case,18,Don Victoriano,Lalud,"Lalud, Don Victoriano",0,0,0,0,0,0,0,0,0,1,0,0,0,0,0,0,0,kaluya sa lawas,Synthetic training case (rule-engine generated; see scripts/generate_synthetic_dataset.py),Low,Routine consultation / monitoring,Scheduled visit,synthetic
SYN030,Synthetic Case,60,Tangub City,Hoyohoy,"Hoyohoy, Tangub City",0,0,0,0,0,0,0,0,0,0,0,0,0,0,0,0,0,walay simtoma,Synthetic training case (rule-engine generated; see scripts/generate_synthetic_dataset.py),Low,Routine consultation / monitoring,Scheduled visit,synthetic
SYN031,Synthetic Case,43,Don Victoriano,Bagumbang,"Bagumbang, Don Victoriano",0,0,0,0,0,0,0,0,0,0,0,0,0,0,0,0,0,walay simtoma,Synthetic training case (rule-engine generated; see scripts/generate_synthetic_dataset.py),Low,Routine consultation / monitoring,Scheduled visit,synthetic
SYN032,Synthetic Case,23,Don Victoriano,Napangan,"Napangan, Don Victoriano",0,0,0,0,0,0,0,0,0,0,0,0,0,0,0,0,0,walay simtoma,Synthetic training case (rule-engine generated; see scripts/generate_synthetic_dataset.py),Low,Routine consultation / monitoring,Scheduled visit,synthetic
SYN033,Synthetic Case,27,Don Victoriano,Siloy,"Siloy, Don Victoriano",0,0,0,0,0,0,0,0,0,0,0,0,0,1,0,0,0,gabun,Synthetic training case (rule-engine generated; see scripts/generate_synthetic_dataset.py),Low,Routine consultation / monitoring,Scheduled visit,synthetic
SYN034,Synthetic Case,18,Don Victoriano,Lalud,"Lalud, Don Victoriano",0,0,0,0,0,0,0,0,0,0,0,0,0,1,0,0,0,gabun,Synthetic training case (rule-engine generated; see scripts/generate_synthetic_dataset.py),Low,Routine consultation / monitoring,Scheduled visit,synthetic
SYN035,Synthetic Case,28,Don Victoriano,Lake Duminagat,"Lake Duminagat, Don Victoriano",0,0,0,0,0,0,0,0,0,0,0,0,0,0,0,0,0,walay simtoma,Synthetic training case (rule-engine generated; see scripts/generate_synthetic_dataset.py),Low,Routine consultation / monitoring,Scheduled visit,synthetic
SYN036,Synthetic Case,18,Tangub City,Hoyohoy,"Hoyohoy, Tangub City",0,0,0,0,0,0,0,0,0,1,0,0,0,0,0,0,0,kaluya sa lawas,Synthetic training case (rule-engine generated; see scripts/generate_synthetic_dataset.py),Low,Routine consultation / monitoring,Scheduled visit,synthetic
SYN037,Synthetic Case,21,Don Victoriano,Gandawan,"Gandawan, Don Victoriano",1,0,0,0,0,0,0,0,0,0,0,0,0,0,0,0,0,hilanat,Synthetic training case (rule-engine generated; see scripts/generate_synthetic_dataset.py),Low,Routine consultation / monitoring,Scheduled visit,synthetic
SYN038,Synthetic Case,72,Don Victoriano,Napangan,"Napangan, Don Victoriano",0,0,0,0,0,0,0,0,0,0,0,0,0,0,0,0,0,walay simtoma,Synthetic training case (rule-engine generated; see scripts/generate_synthetic_dataset.py),Low,Routine consultation / monitoring,Scheduled visit,synthetic
SYN039,Synthetic Case,41,Don Victoriano,Maramat,"Maramat, Don Victoriano",0,0,0,0,0,0,0,0,1,0,0,0,0,0,0,0,0,wala gyuy gana mokaon,Synthetic training case (rule-engine generated; see scripts/generate_synthetic_dataset.py),Low,Routine consultation / monitoring,Scheduled visit,synthetic
SYN040,Synthetic Case,21,Don Victoriano,Lalud,"Lalud, Don Victoriano",0,0,0,0,0,0,0,0,0,0,0,0,0,0,0,0,0,walay simtoma,Synthetic training case (rule-engine generated; see scripts/generate_synthetic_dataset.py),Low,Routine consultation / monitoring,Scheduled visit,synthetic
SYN041,Synthetic Case,32,Tangub City,Hoyohoy,"Hoyohoy, Tangub City",0,0,0,0,0,0,0,0,1,0,0,0,0,0,1,0,0,"wala gyuy gana mokaon, aso sa dabu-dabu",Synthetic training case (rule-engine generated; see scripts/generate_synthetic_dataset.py),Low,Routine consultation / monitoring,Scheduled visit,synthetic
SYN042,Synthetic Case,31,Don Victoriano,Petian,"Petian, Don Victoriano",0,0,0,0,0,0,0,0,0,1,0,0,0,0,0,0,0,kaluya sa lawas,Synthetic training case (rule-engine generated; see scripts/generate_synthetic_dataset.py),Low,Routine consultation / monitoring,Scheduled visit,synthetic
SYN043,Synthetic Case,49,Don Victoriano,Siloy,"Siloy, Don Victoriano",0,0,0,0,0,0,0,0,0,1,0,0,0,0,0,0,0,kaluya sa lawas,Synthetic training case (rule-engine generated; see scripts/generate_synthetic_dataset.py),Low,Routine consultation / monitoring,Scheduled visit,synthetic
SYN044,Synthetic Case,33,Don Victoriano,Nueva Vista,"Nueva Vista, Don Victoriano",0,0,0,0,0,0,0,0,0,0,0,1,0,0,0,0,0,bitok,Synthetic training case (rule-engine generated; see scripts/generate_synthetic_dataset.py),Low,Routine consultation / monitoring,Scheduled visit,synthetic
SYN045,Synthetic Case,84,Don Victoriano,Gandawan,"Gandawan, Don Victoriano",0,0,0,0,0,0,0,0,0,0,0,0,0,0,0,0,0,walay simtoma,Synthetic training case (rule-engine generated; see scripts/generate_synthetic_dataset.py),Low,Routine consultation / monitoring,Scheduled visit,synthetic
SYN046,Synthetic Case,60,Don Victoriano,Lampasan,"Lampasan, Don Victoriano",0,0,0,0,0,0,0,0,0,0,0,0,0,0,1,0,0,aso sa dabu-dabu,Synthetic training case (rule-engine generated; see scripts/generate_synthetic_dataset.py),Low,Routine consultation / monitoring,Scheduled visit,synthetic
SYN047,Synthetic Case,41,Don Victoriano,Lalud,"Lalud, Don Victoriano",0,0,0,0,0,0,0,0,0,0,0,0,0,0,0,0,0,walay simtoma,Synthetic training case (rule-engine generated; see scripts/generate_synthetic_dataset.py),Low,Routine consultation / monitoring,Scheduled visit,synthetic
SYN048,Synthetic Case,54,Don Victoriano,Lalud,"Lalud, Don Victoriano",0,0,0,0,0,0,0,0,0,0,0,0,0,0,0,0,0,walay simtoma,Synthetic training case (rule-engine generated; see scripts/generate_synthetic_dataset.py),Low,Routine consultation / monitoring,Scheduled visit,synthetic
SYN049,Synthetic Case,55,Don Victoriano,Liboron,"Liboron, Don Victoriano",0,0,0,0,0,0,0,0,0,0,0,0,0,0,0,0,0,walay simtoma,Synthetic training case (rule-engine generated; see scripts/generate_synthetic_dataset.py),Low,Routine consultation / monitoring,Scheduled visit,synthetic
SYN050,Synthetic Case,23,Tangub City,Owayan,"Owayan, Tangub City",0,0,0,0,0,0,0,0,0,1,0,0,0,0,0,0,0,kaluya sa lawas,Synthetic training case (rule-engine generated; see scripts/generate_synthetic_dataset.py),Low,Routine consultation / monitoring,Scheduled visit,synthetic
SYN051,Synthetic Case,82,Tangub City,Owayan,"Owayan, Tangub City",0,0,0,0,0,0,1,0,0,0,0,0,0,0,0,0,0,pagsuka,Synthetic training case (rule-engine generated; see scripts/generate_synthetic_dataset.py),Moderate,Consult healthcare professional within 24 hours,Urgent evaluation,synthetic
SYN052,Synthetic Case,71,Tangub City,Hoyohoy,"Hoyohoy, Tangub City",0,0,0,0,0,0,0,0,1,0,0,0,0,0,1,0,0,"wala gyuy gana mokaon, aso sa dabu-dabu",Synthetic training case (rule-engine generated; see scripts/generate_synthetic_dataset.py),Moderate,Consult healthcare professional within 24 hours,Urgent evaluation,synthetic
SYN053,Synthetic Case,37,Don Victoriano,Gandawan,"Gandawan, Don Victoriano",0,0,0,1,0,0,0,0,0,0,1,0,0,0,0,0,0,"kapoy, sakit sa tiyan",Synthetic training case (rule-engine generated; see scripts/generate_synthetic_dataset.py),Moderate,Consult healthcare professional within 24 hours,Urgent evaluation,synthetic
SYN054,Synthetic Case,23,Don Victoriano,Maramat,"Maramat, Don Victoriano",0,0,0,1,0,0,0,0,0,0,0,0,0,0,1,0,0,"kapoy, aso sa dabu-dabu",Synthetic training case (rule-engine generated; see scripts/generate_synthetic_dataset.py),Moderate,Consult healthcare professional within 24 hours,Urgent evaluation,synthetic
SYN055,Synthetic Case,30,Don Victoriano,Liboron,"Liboron, Don Victoriano",0,0,0,0,0,0,0,0,1,0,1,0,0,1,1,0,0,"wala gyuy gana mokaon, sakit sa tiyan, gabun, aso sa dabu-dabu",Synthetic training case (rule-engine generated; see scripts/generate_synthetic_dataset.py),Moderate,Consult healthcare professional within 24 hours,Urgent evaluation,synthetic
SYN056,Synthetic Case,77,Don Victoriano,Siloy,"Siloy, Don Victoriano",0,0,0,0,0,0,0,0,1,0,0,0,0,0,0,0,0,wala gyuy gana mokaon,Synthetic training case (rule-engine generated; see scripts/generate_synthetic_dataset.py),Moderate,Consult healthcare professional within 24 hours,Urgent evaluation,synthetic
SYN057,Synthetic Case,46,Don Victoriano,Lalud,"Lalud, Don Victoriano",0,1,0,0,0,0,0,0,0,0,1,0,0,0,0,0,0,"ubo, sakit sa tiyan",Synthetic training case (rule-engine generated; see scripts/generate_synthetic_dataset.py),Moderate,Consult healthcare professional within 24 hours,Urgent evaluation,synthetic
SYN058,Synthetic Case,52,Don Victoriano,Lake Duminagat,"Lake Duminagat, Don Victoriano",0,0,0,1,0,0,1,0,0,1,0,0,0,0,0,0,0,"kapoy, pagsuka, kaluya sa lawas",Synthetic training case (rule-engine generated; see scripts/generate_synthetic_dataset.py),Moderate,Consult healthcare professional within 24 hours,Urgent evaluation,synthetic
SYN059,Synthetic Case,76,Don Victoriano,Nueva Vista,"Nueva Vista, Don Victoriano",0,0,0,0,0,0,0,0,1,0,0,0,0,0,0,0,0,wala gyuy gana mokaon,Synthetic training case (rule-engine generated; see scripts/generate_synthetic_dataset.py),Moderate,Consult healthcare professional within 24 hours,Urgent evaluation,synthetic
SYN060,Synthetic Case,34,Don Victoriano,Lampasan,"Lampasan, Don Victoriano",0,0,0,0,0,1,0,0,0,0,0,0,0,0,0,1,0,"kalibanga, sigeg ubo nga nagdugay",Synthetic training case (rule-engine generated; see scripts/generate_synthetic_dataset.py),Moderate,Consult healthcare professional within 24 hours,Urgent evaluation,synthetic
SYN061,Synthetic Case,83,Don Victoriano,Lalud,"Lalud, Don Victoriano",0,0,0,0,0,0,0,0,1,0,0,0,0,0,0,1,0,"wala gyuy gana mokaon, sigeg ubo nga nagdugay",Synthetic training case (rule-engine generated; see scripts/generate_synthetic_dataset.py),Moderate,Consult healthcare professional within 24 hours,Urgent evaluation,synthetic
SYN062,Synthetic Case,48,Don Victoriano,Napangan,"Napangan, Don Victoriano",0,0,0,0,0,0,0,0,0,0,0,0,0,1,0,1,0,"gabun, sigeg ubo nga nagdugay",Synthetic training case (rule-engine generated; see scripts/generate_synthetic_dataset.py),Moderate,Consult healthcare professional within 24 hours,Urgent evaluation,synthetic
SYN063,Synthetic Case,45,Don Victoriano,Maramat,"Maramat, Don Victoriano",1,1,0,0,0,1,1,0,0,0,0,0,0,0,0,0,0,"hilanat, ubo, kalibanga, pagsuka",Synthetic training case (rule-engine generated; see scripts/generate_synthetic_dataset.py),Moderate,Consult healthcare professional within 24 hours,Urgent evaluation,synthetic
SYN064,Synthetic Case,51,Tangub City,Hoyohoy,"Hoyohoy, Tangub City",0,0,0,0,0,0,0,0,0,1,0,1,0,1,1,0,0,"kaluya sa lawas, bitok, gabun, aso sa dabu-dabu",Synthetic training case (rule-engine generated; see scripts/generate_synthetic_dataset.py),Moderate,Consult healthcare professional within 24 hours,Urgent evaluation,synthetic
SYN065,Synthetic Case,80,Don Victoriano,Lalud,"Lalud, Don Victoriano",0,0,0,0,0,0,1,0,0,1,0,0,0,0,0,0,0,"pagsuka, kaluya sa lawas",Synthetic training case (rule-engine generated; see scripts/generate_synthetic_dataset.py),Moderate,Consult healthcare professional within 24 hours,Urgent evaluation,synthetic
SYN066,Synthetic Case,24,Don Victoriano,Gandawan,"Gandawan, Don Victoriano",1,0,0,0,0,1,0,0,1,0,0,0,0,0,0,0,1,"hilanat, kalibanga, wala gyuy gana mokaon, hika",Synthetic training case (rule-engine generated; see scripts/generate_synthetic_dataset.py),Moderate,Consult healthcare professional within 24 hours,Urgent evaluation,synthetic
SYN067,Synthetic Case,65,Don Victoriano,Nueva Vista,"Nueva Vista, Don Victoriano",0,0,0,0,0,1,0,0,0,0,0,0,0,1,1,0,0,"kalibanga, gabun, aso sa dabu-dabu",Synthetic training case (rule-engine generated; see scripts/generate_synthetic_dataset.py),Moderate,Consult healthcare professional within 24 hours,Urgent evaluation,synthetic
SYN068,Synthetic Case,31,Don Victoriano,Gandawan,"Gandawan, Don Victoriano",0,0,0,1,0,0,0,0,1,0,0,0,0,0,0,0,0,"kapoy, wala gyuy gana mokaon",Synthetic training case (rule-engine generated; see scripts/generate_synthetic_dataset.py),Moderate,Consult healthcare professional within 24 hours,Urgent evaluation,synthetic
SYN069,Synthetic Case,37,Don Victoriano,Liboron,"Liboron, Don Victoriano",0,0,0,0,0,0,1,0,0,1,0,1,0,0,0,0,0,"pagsuka, kaluya sa lawas, bitok",Synthetic training case (rule-engine generated; see scripts/generate_synthetic_dataset.py),Moderate,Consult healthcare professional within 24 hours,Urgent evaluation,synthetic
SYN070,Synthetic Case,29,Tangub City,Hoyohoy,"Hoyohoy, Tangub City",1,1,0,0,0,1,0,0,1,0,0,0,0,0,0,0,0,"hilanat, ubo, kalibanga, wala gyuy gana mokaon",Synthetic training case (rule-engine generated; see scripts/generate_synthetic_dataset.py),Moderate,Consult healthcare professional within 24 hours,Urgent evaluation,synthetic
SYN071,Synthetic Case,34,Tangub City,Owayan,"Owayan, Tangub City",0,0,0,0,0,1,0,0,1,0,0,0,0,0,1,0,0,"kalibanga, wala gyuy gana mokaon, aso sa dabu-dabu",Synthetic training case (rule-engine generated; see scripts/generate_synthetic_dataset.py),Moderate,Consult healthcare professional within 24 hours,Urgent evaluation,synthetic
SYN072,Synthetic Case,72,Don Victoriano,Gandawan,"Gandawan, Don Victoriano",0,0,0,1,0,0,0,0,0,0,0,0,0,0,0,0,0,kapoy,Synthetic training case (rule-engine generated; see scripts/generate_synthetic_dataset.py),Moderate,Consult healthcare professional within 24 hours,Urgent evaluation,synthetic
SYN073,Synthetic Case,70,Tangub City,Hoyohoy,"Hoyohoy, Tangub City",0,0,0,0,0,1,0,0,1,0,0,0,0,0,0,0,0,"kalibanga, wala gyuy gana mokaon",Synthetic training case (rule-engine generated; see scripts/generate_synthetic_dataset.py),Moderate,Consult healthcare professional within 24 hours,Urgent evaluation,synthetic
SYN074,Synthetic Case,42,Tangub City,Hoyohoy,"Hoyohoy, Tangub City",0,1,0,0,0,0,0,0,1,0,1,0,0,1,0,0,0,"ubo, wala gyuy gana mokaon, sakit sa tiyan, gabun",Synthetic training case (rule-engine generated; see scripts/generate_synthetic_dataset.py),Moderate,Consult healthcare professional within 24 hours,Urgent evaluation,synthetic
SYN075,Synthetic Case,40,Don Victoriano,Maramat,"Maramat, Don Victoriano",0,1,0,1,0,0,0,0,0,1,0,0,0,0,0,0,0,"ubo, kapoy, kaluya sa lawas",Synthetic training case (rule-engine generated; see scripts/generate_synthetic_dataset.py),Moderate,Consult healthcare professional within 24 hours,Urgent evaluation,synthetic
SYN076,Synthetic Case,62,Don Victoriano,Petian,"Petian, Don Victoriano",0,0,0,1,0,0,1,0,0,0,0,0,0,1,0,0,0,"kapoy, pagsuka, gabun",Synthetic training case (rule-engine generated; see scripts/generate_synthetic_dataset.py),Moderate,Consult healthcare professional within 24 hours,Urgent evaluation,synthetic
SYN077,Synthetic Case,73,Tangub City,Hoyohoy,"Hoyohoy, Tangub City",0,0,0,0,0,0,0,0,0,0,0,0,0,0,0,0,1,hika,Synthetic training case (rule-engine generated; see scripts/generate_synthetic_dataset.py),Moderate,Consult healthcare professional within 24 hours,Urgent evaluation,synthetic
SYN078,Synthetic Case,60,Don Victoriano,Lampasan,"Lampasan, Don Victoriano",0,0,0,1,0,0,0,0,1,1,0,0,0,0,0,0,0,"kapoy, wala gyuy gana mokaon, kaluya sa lawas",Synthetic training case (rule-engine generated; see scripts/generate_synthetic_dataset.py),Moderate,Consult healthcare professional within 24 hours,Urgent evaluation,synthetic
SYN079,Synthetic Case,70,Tangub City,Owayan,"Owayan, Tangub City",0,0,0,0,0,0,0,0,0,0,0,0,1,0,0,0,0,pirteng bugnawa,Synthetic training case (rule-engine generated; see scripts/generate_synthetic_dataset.py),Moderate,Consult healthcare professional within 24 hours,Urgent evaluation,synthetic
SYN080,Synthetic Case,66,Don Victoriano,Maramat,"Maramat, Don Victoriano",0,0,0,0,0,1,0,0,0,1,0,0,0,0,0,0,0,"kalibanga, kaluya sa lawas",Synthetic training case (rule-engine generated; see scripts/generate_synthetic_dataset.py),Moderate,Consult healthcare professional within 24 hours,Urgent evaluation,synthetic
SYN081,Synthetic Case,73,Don Victoriano,Napangan,"Napangan, Don Victoriano",0,0,0,0,0,0,0,0,0,0,1,0,0,0,1,0,0,"sakit sa tiyan, aso sa dabu-dabu",Synthetic training case (rule-engine generated; see scripts/generate_synthetic_dataset.py),Moderate,Consult healthcare professional within 24 hours,Urgent evaluation,synthetic
SYN082,Synthetic Case,74,Tangub City,Hoyohoy,"Hoyohoy, Tangub City",0,0,0,0,0,0,1,0,0,0,0,0,0,0,0,1,0,"pagsuka, sigeg ubo nga nagdugay",Synthetic training case (rule-engine generated; see scripts/generate_synthetic_dataset.py),Moderate,Consult healthcare professional within 24 hours,Urgent evaluation,synthetic
SYN083,Synthetic Case,76,Tangub City,Hoyohoy,"Hoyohoy, Tangub City",0,0,0,0,0,0,0,0,0,0,1,0,0,0,1,0,0,"sakit sa tiyan, aso sa dabu-dabu",Synthetic training case (rule-engine generated; see scripts/generate_synthetic_dataset.py),Moderate,Consult healthcare professional within 24 hours,Urgent evaluation,synthetic
SYN084,Synthetic Case,54,Don Victoriano,Liboron,"Liboron, Don Victoriano",0,0,0,0,0,0,0,0,1,0,1,0,0,0,0,0,0,"wala gyuy gana mokaon, sakit sa tiyan",Synthetic training case (rule-engine generated; see scripts/generate_synthetic_dataset.py),Moderate,Consult healthcare professional within 24 hours,Urgent evaluation,synthetic
SYN085,Synthetic Case,67,Don Victoriano,Napangan,"Napangan, Don Victoriano",0,0,0,0,0,0,0,0,0,0,0,0,1,0,0,0,0,pirteng bugnawa,Synthetic training case (rule-engine generated; see scripts/generate_synthetic_dataset.py),Moderate,Consult healthcare professional within 24 hours,Urgent evaluation,synthetic
SYN086,Synthetic Case,80,Don Victoriano,Liboron,"Liboron, Don Victoriano",0,0,0,0,0,0,0,0,0,0,0,0,1,0,0,0,0,pirteng bugnawa,Synthetic training case (rule-engine generated; see scripts/generate_synthetic_dataset.py),Moderate,Consult healthcare professional within 24 hours,Urgent evaluation,synthetic
SYN087,Synthetic Case,69,Don Victoriano,Lake Duminagat,"Lake Duminagat, Don Victoriano",0,0,0,0,0,1,0,0,0,0,0,0,0,0,1,0,0,"kalibanga, aso sa dabu-dabu",Synthetic training case (rule-engine generated; see scripts/generate_synthetic_dataset.py),Moderate,Consult healthcare professional within 24 hours,Urgent evaluation,synthetic
SYN088,Synthetic Case,59,Don Victoriano,Liboron,"Liboron, Don Victoriano",0,0,0,0,0,0,0,0,0,0,1,0,0,0,1,0,0,"sakit sa tiyan, aso sa dabu-dabu",Synthetic training case (rule-engine generated; see scripts/generate_synthetic_dataset.py),Moderate,Consult healthcare professional within 24 hours,Urgent evaluation,synthetic
SYN089,Synthetic Case,78,Don Victoriano,Liboron,"Liboron, Don Victoriano",0,1,0,0,0,0,0,0,0,0,0,0,0,0,0,0,0,ubo,Synthetic training case (rule-engine generated; see scripts/generate_synthetic_dataset.py),Moderate,Consult healthcare professional within 24 hours,Urgent evaluation,synthetic
SYN090,Synthetic Case,65,Don Victoriano,Lampasan,"Lampasan, Don Victoriano",0,0,0,1,0,1,0,0,0,0,0,0,0,0,0,0,0,"kapoy, kalibanga",Synthetic training case (rule-engine generated; see scripts/generate_synthetic_dataset.py),Moderate,Consult healthcare professional within 24 hours,Urgent evaluation,synthetic
SYN091,Synthetic Case,80,Don Victoriano,Liboron,"Liboron, Don Victoriano",0,0,0,0,0,0,0,0,0,0,0,0,0,1,0,0,0,gabun,Synthetic training case (rule-engine generated; see scripts/generate_synthetic_dataset.py),Moderate,Consult healthcare professional within 24 hours,Urgent evaluation,synthetic
SYN092,Synthetic Case,76,Tangub City,Owayan,"Owayan, Tangub City",0,0,0,0,0,1,0,0,0,0,0,0,0,1,0,0,0,"kalibanga, gabun",Synthetic training case (rule-engine generated; see scripts/generate_synthetic_dataset.py),Moderate,Consult healthcare professional within 24 hours,Urgent evaluation,synthetic
SYN093,Synthetic Case,59,Don Victoriano,Liboron,"Liboron, Don Victoriano",0,0,0,0,0,0,1,0,0,0,0,0,0,0,0,1,0,"pagsuka, sigeg ubo nga nagdugay",Synthetic training case (rule-engine generated; see scripts/generate_synthetic_dataset.py),Moderate,Consult healthcare professional within 24 hours,Urgent evaluation,synthetic
SYN094,Synthetic Case,51,Don Victoriano,Bagumbang,"Bagumbang, Don Victoriano",0,0,0,0,0,0,0,0,1,0,0,0,0,0,0,1,1,"wala gyuy gana mokaon, sigeg ubo nga nagdugay, hika",Synthetic training case (rule-engine generated; see scripts/generate_synthetic_dataset.py),Moderate,Consult healthcare professional within 24 hours,Urgent evaluation,synthetic
SYN095,Synthetic Case,69,Don Victoriano,Napangan,"Napangan, Don Victoriano",0,0,0,0,0,0,0,0,0,1,0,1,0,0,0,0,0,"kaluya sa lawas, bitok",Synthetic training case (rule-engine generated; see scripts/generate_synthetic_dataset.py),Moderate,Consult healthcare professional within 24 hours,Urgent evaluation,synthetic
SYN096,Synthetic Case,85,Tangub City,Owayan,"Owayan, Tangub City",0,0,0,0,0,0,0,0,0,0,0,0,0,1,0,0,0,gabun,Synthetic training case (rule-engine generated; see scripts/generate_synthetic_dataset.py),Moderate,Consult healthcare professional within 24 hours,Urgent evaluation,synthetic
SYN097,Synthetic Case,33,Don Victoriano,Gandawan,"Gandawan, Don Victoriano",0,0,0,0,0,0,1,0,0,0,1,0,0,0,0,0,0,"pagsuka, sakit sa tiyan",Synthetic training case (rule-engine generated; see scripts/generate_synthetic_dataset.py),Moderate,Consult healthcare professional within 24 hours,Urgent evaluation,synthetic
SYN098,Synthetic Case,79,Don Victoriano,Petian,"Petian, Don Victoriano",0,0,0,0,0,0,0,0,0,0,0,0,0,0,0,0,1,hika,Synthetic training case (rule-engine generated; see scripts/generate_synthetic_dataset.py),Moderate,Consult healthcare professional within 24 hours,Urgent evaluation,synthetic
SYN099,Synthetic Case,47,Don Victoriano,Siloy,"Siloy, Don Victoriano",0,1,0,0,0,0,0,0,0,1,0,0,0,0,1,0,0,"ubo, kaluya sa lawas, aso sa dabu-dabu",Synthetic training case (rule-engine generated; see scripts/generate_synthetic_dataset.py),Moderate,Consult healthcare professional within 24 hours,Urgent evaluation,synthetic
SYN100,Synthetic Case,47,Don Victoriano,Nueva Vista,"Nueva Vista, Don Victoriano",0,1,0,0,0,0,1,0,0,0,0,0,0,1,0,0,0,"ubo, pagsuka, gabun",Synthetic training case (rule-engine generated; see scripts/generate_synthetic_dataset.py),Moderate,Consult healthcare professional within 24 hours,Urgent evaluation,synthetic
SYN101,Synthetic Case,53,Tangub City,Owayan,"Owayan, Tangub City",0,0,0,0,1,0,0,1,0,0,0,0,0,0,0,0,0,"sakit sa dughan, dehydration",Synthetic training case (rule-engine generated; see scripts/generate_synthetic_dataset.py),High,Emergency referral to nearest hospital or clinic,Immediate referral,synthetic
SYN102,Synthetic Case,18,Don Victoriano,Lampasan,"Lampasan, Don Victoriano",0,0,0,0,0,0,0,1,0,0,1,0,0,1,0,0,0,"dehydration, sakit sa tiyan, gabun",Synthetic training case (rule-engine generated; see scripts/generate_synthetic_dataset.py),High,Emergency referral to nearest hospital or clinic,Immediate referral,synthetic
SYN103,Synthetic Case,66,Don Victoriano,Lampasan,"Lampasan, Don Victoriano",0,0,0,0,0,0,0,1,0,0,0,1,0,0,0,0,0,"dehydration, bitok",Synthetic training case (rule-engine generated; see scripts/generate_synthetic_dataset.py),High,Emergency referral to nearest hospital or clinic,Immediate referral,synthetic
SYN104,Synthetic Case,42,Don Victoriano,Lalud,"Lalud, Don Victoriano",0,1,1,0,0,0,0,0,0,0,0,0,0,0,0,0,0,"ubo, lisod ug ginhawa",Synthetic training case (rule-engine generated; see scripts/generate_synthetic_dataset.py),High,Emergency referral to nearest hospital or clinic,Immediate referral,synthetic
SYN105,Synthetic Case,38,Tangub City,Owayan,"Owayan, Tangub City",0,0,1,0,0,0,1,0,1,0,0,1,0,0,0,0,0,"lisod ug ginhawa, pagsuka, wala gyuy gana mokaon, bitok",Synthetic training case (rule-engine generated; see scripts/generate_synthetic_dataset.py),High,Emergency referral to nearest hospital or clinic,Immediate referral,synthetic
SYN106,Synthetic Case,27,Don Victoriano,Lake Duminagat,"Lake Duminagat, Don Victoriano",0,0,0,0,0,1,0,1,0,0,0,0,0,0,0,0,0,"kalibanga, dehydration",Synthetic training case (rule-engine generated; see scripts/generate_synthetic_dataset.py),High,Emergency referral to nearest hospital or clinic,Immediate referral,synthetic
SYN107,Synthetic Case,58,Don Victoriano,Siloy,"Siloy, Don Victoriano",0,0,0,0,1,0,0,0,0,0,0,0,1,0,0,1,0,"sakit sa dughan, pirteng bugnawa, sigeg ubo nga nagdugay",Synthetic training case (rule-engine generated; see scripts/generate_synthetic_dataset.py),High,Emergency referral to nearest hospital or clinic,Immediate referral,synthetic
SYN108,Synthetic Case,69,Don Victoriano,Napangan,"Napangan, Don Victoriano",0,0,0,0,1,0,0,1,1,0,0,0,0,0,0,0,0,"sakit sa dughan, dehydration, wala gyuy gana mokaon",Synthetic training case (rule-engine generated; see scripts/generate_synthetic_dataset.py),High,Emergency referral to nearest hospital or clinic,Immediate referral,synthetic
SYN109,Synthetic Case,38,Don Victoriano,Napangan,"Napangan, Don Victoriano",0,0,1,0,0,0,1,0,0,1,0,0,1,0,0,0,0,"lisod ug ginhawa, pagsuka, kaluya sa lawas, pirteng bugnawa",Synthetic training case (rule-engine generated; see scripts/generate_synthetic_dataset.py),High,Emergency referral to nearest hospital or clinic,Immediate referral,synthetic
SYN110,Synthetic Case,85,Don Victoriano,Nueva Vista,"Nueva Vista, Don Victoriano",1,0,0,1,0,0,0,0,0,0,1,0,0,0,0,0,0,"hilanat, kapoy, sakit sa tiyan",Synthetic training case (rule-engine generated; see scripts/generate_synthetic_dataset.py),High,Emergency referral to nearest hospital or clinic,Immediate referral,synthetic
SYN111,Synthetic Case,82,Tangub City,Hoyohoy,"Hoyohoy, Tangub City",0,0,0,0,1,0,0,0,0,0,0,1,0,0,0,0,0,"sakit sa dughan, bitok",Synthetic training case (rule-engine generated; see scripts/generate_synthetic_dataset.py),High,Emergency referral to nearest hospital or clinic,Immediate referral,synthetic
SYN112,Synthetic Case,57,Don Victoriano,Petian,"Petian, Don Victoriano",0,1,0,0,0,0,0,1,0,0,0,0,0,0,0,0,0,"ubo, dehydration",Synthetic training case (rule-engine generated; see scripts/generate_synthetic_dataset.py),High,Emergency referral to nearest hospital or clinic,Immediate referral,synthetic
SYN113,Synthetic Case,85,Don Victoriano,Maramat,"Maramat, Don Victoriano",0,0,0,0,1,0,1,0,0,0,0,1,0,0,0,0,1,"sakit sa dughan, pagsuka, bitok, hika",Synthetic training case (rule-engine generated; see scripts/generate_synthetic_dataset.py),High,Emergency referral to nearest hospital or clinic,Immediate referral,synthetic
SYN114,Synthetic Case,65,Don Victoriano,Lalud,"Lalud, Don Victoriano",0,1,0,1,0,0,0,0,0,0,0,0,0,0,1,0,1,"ubo, kapoy, aso sa dabu-dabu, hika",Synthetic training case (rule-engine generated; see scripts/generate_synthetic_dataset.py),High,Emergency referral to nearest hospital or clinic,Immediate referral,synthetic
SYN115,Synthetic Case,26,Don Victoriano,Lalud,"Lalud, Don Victoriano",1,0,0,0,0,0,0,1,0,1,0,0,0,0,0,0,0,"hilanat, dehydration, kaluya sa lawas",Synthetic training case (rule-engine generated; see scripts/generate_synthetic_dataset.py),High,Emergency referral to nearest hospital or clinic,Immediate referral,synthetic
SYN116,Synthetic Case,34,Don Victoriano,Lalud,"Lalud, Don Victoriano",0,0,0,0,0,0,1,1,0,0,0,0,1,0,0,1,0,"pagsuka, dehydration, pirteng bugnawa, sigeg ubo nga nagdugay",Synthetic training case (rule-engine generated; see scripts/generate_synthetic_dataset.py),High,Emergency referral to nearest hospital or clinic,Immediate referral,synthetic
SYN117,Synthetic Case,72,Don Victoriano,Siloy,"Siloy, Don Victoriano",0,1,0,0,0,0,0,0,0,0,1,0,0,0,1,0,1,"ubo, sakit sa tiyan, aso sa dabu-dabu, hika",Synthetic training case (rule-engine generated; see scripts/generate_synthetic_dataset.py),High,Emergency referral to nearest hospital or clinic,Immediate referral,synthetic
SYN118,Synthetic Case,61,Don Victoriano,Lalud,"Lalud, Don Victoriano",0,0,0,0,0,0,0,1,0,0,0,0,0,0,0,0,0,dehydration,Synthetic training case (rule-engine generated; see scripts/generate_synthetic_dataset.py),High,Emergency referral to nearest hospital or clinic,Immediate referral,synthetic
SYN119,Synthetic Case,42,Don Victoriano,Napangan,"Napangan, Don Victoriano",0,0,1,0,1,0,0,0,0,0,0,0,0,1,0,0,1,"lisod ug ginhawa, sakit sa dughan, gabun, hika",Synthetic training case (rule-engine generated; see scripts/generate_synthetic_dataset.py),High,Emergency referral to nearest hospital or clinic,Immediate referral,synthetic
SYN120,Synthetic Case,41,Don Victoriano,Siloy,"Siloy, Don Victoriano",0,0,1,0,0,0,0,0,0,0,0,0,0,0,0,0,0,lisod ug ginhawa,Synthetic training case (rule-engine generated; see scripts/generate_synthetic_dataset.py),High,Emergency referral to nearest hospital or clinic,Immediate referral,synthetic
SYN121,Synthetic Case,48,Don Victoriano,Bagumbang,"Bagumbang, Don Victoriano",0,0,0,1,0,0,0,1,0,1,0,0,0,0,1,0,0,"kapoy, dehydration, kaluya sa lawas, aso sa dabu-dabu",Synthetic training case (rule-engine generated; see scripts/generate_synthetic_dataset.py),High,Emergency referral to nearest hospital or clinic,Immediate referral,synthetic
SYN122,Synthetic Case,28,Don Victoriano,Lalud,"Lalud, Don Victoriano",0,0,0,0,1,0,0,0,0,0,1,0,0,0,1,0,1,"sakit sa dughan, sakit sa tiyan, aso sa dabu-dabu, hika",Synthetic training case (rule-engine generated; see scripts/generate_synthetic_dataset.py),High,Emergency referral to nearest hospital or clinic,Immediate referral,synthetic
SYN123,Synthetic Case,56,Don Victoriano,Petian,"Petian, Don Victoriano",1,0,1,0,0,0,0,1,0,0,1,0,0,0,0,0,0,"hilanat, lisod ug ginhawa, dehydration, sakit sa tiyan",Synthetic training case (rule-engine generated; see scripts/generate_synthetic_dataset.py),High,Emergency referral to nearest hospital or clinic,Immediate referral,synthetic
SYN124,Synthetic Case,51,Don Victoriano,Lalud,"Lalud, Don Victoriano",0,0,1,0,0,0,0,0,0,0,0,1,0,0,0,0,0,"lisod ug ginhawa, bitok",Synthetic training case (rule-engine generated; see scripts/generate_synthetic_dataset.py),High,Emergency referral to nearest hospital or clinic,Immediate referral,synthetic
SYN125,Synthetic Case,44,Don Victoriano,Bagumbang,"Bagumbang, Don Victoriano",0,0,0,0,1,0,0,0,0,0,0,0,0,0,0,1,1,"sakit sa dughan, sigeg ubo nga nagdugay, hika",Synthetic training case (rule-engine generated; see scripts/generate_synthetic_dataset.py),High,Emergency referral to nearest hospital or clinic,Immediate referral,synthetic
SYN126,Synthetic Case,36,Tangub City,Hoyohoy,"Hoyohoy, Tangub City",0,1,0,0,1,1,0,0,0,0,0,0,0,0,0,0,1,"ubo, sakit sa dughan, kalibanga, hika",Synthetic training case (rule-engine generated; see scripts/generate_synthetic_dataset.py),High,Emergency referral to nearest hospital or clinic,Immediate referral,synthetic
SYN127,Synthetic Case,23,Don Victoriano,Gandawan,"Gandawan, Don Victoriano",0,0,0,0,0,0,1,1,0,0,1,0,0,0,0,0,0,"pagsuka, dehydration, sakit sa tiyan",Synthetic training case (rule-engine generated; see scripts/generate_synthetic_dataset.py),High,Emergency referral to nearest hospital or clinic,Immediate referral,synthetic
SYN128,Synthetic Case,63,Tangub City,Hoyohoy,"Hoyohoy, Tangub City",0,0,1,0,1,0,0,1,0,0,0,0,0,1,0,0,0,"lisod ug ginhawa, sakit sa dughan, dehydration, gabun",Synthetic training case (rule-engine generated; see scripts/generate_synthetic_dataset.py),High,Emergency referral to nearest hospital or clinic,Immediate referral,synthetic
SYN129,Synthetic Case,40,Tangub City,Hoyohoy,"Hoyohoy, Tangub City",1,0,0,0,0,1,0,0,0,0,0,1,0,0,0,1,0,"hilanat, kalibanga, bitok, sigeg ubo nga nagdugay",Synthetic training case (rule-engine generated; see scripts/generate_synthetic_dataset.py),High,Emergency referral to nearest hospital or clinic,Immediate referral,synthetic
SYN130,Synthetic Case,31,Don Victoriano,Napangan,"Napangan, Don Victoriano",0,1,0,1,0,0,0,0,0,0,0,0,0,0,1,1,0,"ubo, kapoy, aso sa dabu-dabu, sigeg ubo nga nagdugay",Synthetic training case (rule-engine generated; see scripts/generate_synthetic_dataset.py),High,Emergency referral to nearest hospital or clinic,Immediate referral,synthetic
SYN131,Synthetic Case,62,Don Victoriano,Siloy,"Siloy, Don Victoriano",1,0,0,0,0,0,0,1,0,0,0,0,0,0,0,0,1,"hilanat, dehydration, hika",Synthetic training case (rule-engine generated; see scripts/generate_synthetic_dataset.py),High,Emergency referral to nearest hospital or clinic,Immediate referral,synthetic
SYN132,Synthetic Case,53,Don Victoriano,Nueva Vista,"Nueva Vista, Don Victoriano",0,0,0,0,0,0,0,0,0,0,1,0,1,0,0,0,1,"sakit sa tiyan, pirteng bugnawa, hika",Synthetic training case (rule-engine generated; see scripts/generate_synthetic_dataset.py),High,Emergency referral to nearest hospital or clinic,Immediate referral,synthetic
SYN133,Synthetic Case,55,Don Victoriano,Maramat,"Maramat, Don Victoriano",0,0,0,0,1,0,1,0,0,0,0,0,0,0,0,0,0,"sakit sa dughan, pagsuka",Synthetic training case (rule-engine generated; see scripts/generate_synthetic_dataset.py),High,Emergency referral to nearest hospital or clinic,Immediate referral,synthetic
SYN134,Synthetic Case,39,Don Victoriano,Nueva Vista,"Nueva Vista, Don Victoriano",0,0,1,0,0,0,0,0,0,1,0,0,0,0,0,0,0,"lisod ug ginhawa, kaluya sa lawas",Synthetic training case (rule-engine generated; see scripts/generate_synthetic_dataset.py),High,Emergency referral to nearest hospital or clinic,Immediate referral,synthetic
SYN135,Synthetic Case,48,Tangub City,Hoyohoy,"Hoyohoy, Tangub City",0,0,0,0,0,0,0,1,0,1,0,0,0,0,0,0,0,"dehydration, kaluya sa lawas",Synthetic training case (rule-engine generated; see scripts/generate_synthetic_dataset.py),High,Emergency referral to nearest hospital or clinic,Immediate referral,synthetic
SYN136,Synthetic Case,42,Don Victoriano,Siloy,"Siloy, Don Victoriano",0,0,1,1,0,0,0,0,0,0,0,0,1,0,0,1,0,"lisod ug ginhawa, kapoy, pirteng bugnawa, sigeg ubo nga nagdugay",Synthetic training case (rule-engine generated; see scripts/generate_synthetic_dataset.py),High,Emergency referral to nearest hospital or clinic,Immediate referral,synthetic
SYN137,Synthetic Case,40,Don Victoriano,Gandawan,"Gandawan, Don Victoriano",0,1,0,0,0,0,0,1,0,0,0,0,0,1,1,0,0,"ubo, dehydration, gabun, aso sa dabu-dabu",Synthetic training case (rule-engine generated; see scripts/generate_synthetic_dataset.py),High,Emergency referral to nearest hospital or clinic,Immediate referral,synthetic
SYN138,Synthetic Case,74,Don Victoriano,Napangan,"Napangan, Don Victoriano",0,0,0,0,0,1,0,0,0,0,0,1,0,1,1,0,0,"kalibanga, bitok, gabun, aso sa dabu-dabu",Synthetic training case (rule-engine generated; see scripts/generate_synthetic_dataset.py),High,Emergency referral to nearest hospital or clinic,Immediate referral,synthetic
SYN139,Synthetic Case,75,Tangub City,Hoyohoy,"Hoyohoy, Tangub City",0,0,0,0,0,0,0,1,1,0,0,0,1,0,0,0,0,"dehydration, wala gyuy gana mokaon, pirteng bugnawa",Synthetic training case (rule-engine generated; see scripts/generate_synthetic_dataset.py),High,Emergency referral to nearest hospital or clinic,Immediate referral,synthetic
SYN140,Synthetic Case,84,Tangub City,Owayan,"Owayan, Tangub City",0,1,0,0,0,0,0,1,1,0,0,0,0,0,0,0,1,"ubo, dehydration, wala gyuy gana mokaon, hika",Synthetic training case (rule-engine generated; see scripts/generate_synthetic_dataset.py),High,Emergency referral to nearest hospital or clinic,Immediate referral,synthetic
SYN141,Synthetic Case,47,Don Victoriano,Maramat,"Maramat, Don Victoriano",0,1,0,0,1,0,1,0,0,0,0,0,0,0,0,1,0,"ubo, sakit sa dughan, pagsuka, sigeg ubo nga nagdugay",Synthetic training case (rule-engine generated; see scripts/generate_synthetic_dataset.py),High,Emergency referral to nearest hospital or clinic,Immediate referral,synthetic
SYN142,Synthetic Case,60,Don Victoriano,Maramat,"Maramat, Don Victoriano",0,1,0,1,0,0,0,0,0,0,0,0,0,1,0,0,1,"ubo, kapoy, gabun, hika",Synthetic training case (rule-engine generated; see scripts/generate_synthetic_dataset.py),High,Emergency referral to nearest hospital or clinic,Immediate referral,synthetic
SYN143,Synthetic Case,67,Don Victoriano,Maramat,"Maramat, Don Victoriano",0,0,0,1,1,0,0,1,0,0,0,0,0,0,0,1,0,"kapoy, sakit sa dughan, dehydration, sigeg ubo nga nagdugay",Synthetic training case (rule-engine generated; see scripts/generate_synthetic_dataset.py),High,Emergency referral to nearest hospital or clinic,Immediate referral,synthetic
SYN144,Synthetic Case,66,Don Victoriano,Gandawan,"Gandawan, Don Victoriano",0,0,0,0,0,0,0,0,1,0,0,0,0,1,0,0,1,"wala gyuy gana mokaon, gabun, hika",Synthetic training case (rule-engine generated; see scripts/generate_synthetic_dataset.py),High,Emergency referral to nearest hospital or clinic,Immediate referral,synthetic
SYN145,Synthetic Case,46,Tangub City,Hoyohoy,"Hoyohoy, Tangub City",0,1,1,0,0,0,0,0,0,0,0,0,0,0,0,0,0,"ubo, lisod ug ginhawa",Synthetic training case (rule-engine generated; see scripts/generate_synthetic_dataset.py),High,Emergency referral to nearest hospital or clinic,Immediate referral,synthetic
SYN146,Synthetic Case,20,Don Victoriano,Napangan,"Napangan, Don Victoriano",0,0,0,0,1,0,0,1,0,0,0,0,0,0,0,0,0,"sakit sa dughan, dehydration",Synthetic training case (rule-engine generated; see scripts/generate_synthetic_dataset.py),High,Emergency referral to nearest hospital or clinic,Immediate referral,synthetic
SYN147,Synthetic Case,66,Don Victoriano,Siloy,"Siloy, Don Victoriano",0,0,1,0,0,0,1,0,0,1,0,1,0,0,0,0,0,"lisod ug ginhawa, pagsuka, kaluya sa lawas, bitok",Synthetic training case (rule-engine generated; see scripts/generate_synthetic_dataset.py),High,Emergency referral to nearest hospital or clinic,Immediate referral,synthetic
SYN148,Synthetic Case,72,Don Victoriano,Maramat,"Maramat, Don Victoriano",1,0,1,0,0,0,0,0,0,0,1,0,0,0,0,0,0,"hilanat, lisod ug ginhawa, sakit sa tiyan",Synthetic training case (rule-engine generated; see scripts/generate_synthetic_dataset.py),High,Emergency referral to nearest hospital or clinic,Immediate referral,synthetic
SYN149,Synthetic Case,84,Tangub City,Owayan,"Owayan, Tangub City",0,0,0,0,0,0,1,0,0,0,0,0,0,0,1,1,0,"pagsuka, aso sa dabu-dabu, sigeg ubo nga nagdugay",Synthetic training case (rule-engine generated; see scripts/generate_synthetic_dataset.py),High,Emergency referral to nearest hospital or clinic,Immediate referral,synthetic
SYN150,Synthetic Case,52,Don Victoriano,Napangan,"Napangan, Don Victoriano",0,0,1,0,1,0,0,1,0,0,0,0,0,0,0,0,0,"lisod ug ginhawa, sakit sa dughan, dehydration",Synthetic training case (rule-engine generated; see scripts/generate_synthetic_dataset.py),High,Emergency referral to nearest hospital or clinic,Immediate referral,synthetic
