patient_id,full_name,age,municipality,barangay,address,fever,cough,difficulty_breathing,severe_fatigue,chest_pain,diarrhea,vomiting,dehydration,loss_of_appetite,body_weakness,stomach_pain,intestinal_worms,cold_exposure,dense_fog,smoke_exposure,chronic_cough,asthma,symptom_text,notes,risk_level,referral_recommendation,priority
P001,Maricel Dela Cruz,34,Tangub City,Owayan,"Purok 2, Owayan, Tangub City",1,1,0,0,0,0,0,0,0,0,0,0,0,0,0,0,0,"hubak ug hilanat","Mild fever and cough observed",Low,"Routine consultation / monitoring",Scheduled visit
P002,Josefina Neri,62,Don Victoriano,Hoyohoy,"Sitio Kahayag, Hoyohoy",1,0,1,1,0,0,0,0,1,1,0,0,0,0,0,0,0,"lisod ug ginhawa, kapoy, wala gyuy gana mokaon","Older adult with worsening weakness",High,"Emergency referral to nearest hospital or clinic",Immediate referral
P003,Rafael Sarmiento,28,Tangub City,Owayan,"Barangay Owayan, Purok 5",0,0,0,0,0,1,1,0,0,0,0,0,0,0,0,0,0,"kalibanga ug pagsuka","Acute gastrointestinal symptoms",Low,"Routine consultation / monitoring",Scheduled visit
P004,Anita Baylon,51,Don Victoriano,Hoyohoy,"Purok 3, Hoyohoy",1,0,0,1,0,0,0,1,1,1,0,0,0,0,0,0,0,"hilanat, kapoy, dehydration, loss of appetite","Persistent weakness and dehydration",High,"Emergency referral to nearest hospital or clinic",Immediate referral
P005,Arnold Lontoc,19,Don Victoriano,Owayan,"Sitio Pag-asa, Owayan",0,1,0,0,0,0,0,0,0,0,0,0,0,0,0,0,0,"ubo lang","Mild respiratory symptom",Low,"Routine consultation / monitoring",Scheduled visit
P006,Mildred Gomez,45,Tangub City,Owayan,"Purok 1, Owayan",0,0,1,0,1,0,0,0,0,0,0,0,0,0,0,0,0,"sakit sa dughan ug lisod ug ginhawa","Chest pain and difficulty breathing",High,"Emergency referral to nearest hospital or clinic",Immediate referral
P007,Charles Polido,39,Don Victoriano,Hoyohoy,"Barangay Hoyohoy, Purok 7",1,1,0,0,0,1,0,0,0,0,0,0,0,0,0,0,0,"hilanat, ubo, kalibanga","Fever with cough and diarrhea",Moderate,"Consult healthcare professional within 24 hours",Urgent evaluation
P008,Judith Taban,72,Tangub City,Owayan,"Purok 4, Owayan",1,0,0,1,0,0,0,1,1,1,0,0,0,0,0,0,0,"hikog, hilanat, sugo, walay gana mokaon","Older adult with dehydration worries",High,"Emergency referral to nearest hospital or clinic",Immediate referral
P009,Emmanuel Bohol,26,Don Victoriano,Hoyohoy,"Barangay Hoyohoy, Sitio Bato",0,0,0,0,0,0,0,0,0,1,0,0,0,0,0,0,0,"kaluya sa lawas","General weakness only",Low,"Routine consultation / monitoring",Scheduled visit
P010,Rosemarie Patalinghug,53,Tangub City,Hoyohoy,"Purok 6, Hoyohoy",1,1,1,1,0,0,0,0,0,0,0,0,0,0,0,0,0,"hubak, hilanat, lisod ug ginhawa","Multiple symptoms requiring review",High,"Emergency referral to nearest hospital or clinic",Immediate referral
P011,Alfred Balanay,31,Don Victoriano,Owayan,"Barangay Owayan, Purok 9",0,0,0,0,0,1,1,1,1,0,0,0,0,0,0,0,0,"kalibanga, pagsuka, dehydration, wala gyuy gana mokaon","GI infection indicators",High,"Emergency referral to nearest hospital or clinic",Immediate referral
P012,Noemi Nacua,60,Tangub City,Owayan,"Purok 3, Owayan",1,0,0,1,0,0,0,0,0,1,0,0,0,0,0,0,0,"hilanat ug kakapoy","Senior patient with fatigue",Moderate,"Consult healthcare professional within 24 hours",Urgent evaluation
P013,Harold Delos Reyes,23,Don Victoriano,Hoyohoy,"Sitio Bunga, Hoyohoy",0,0,0,0,0,0,0,0,0,0,0,0,0,0,0,0,0,"walay simtoma","No reported symptoms",Low,"Routine consultation / monitoring",Scheduled visit
P014,Lorena Cagas,48,Don Victoriano,Owayan,"Barangay Owayan, Purok 8",1,1,0,0,0,0,0,0,0,0,0,0,0,0,0,0,0,"hilanat ug ubo","Early respiratory symptoms",Low,"Routine consultation / monitoring",Scheduled visit
P015,Mark Villanueva,37,Tangub City,Hoyohoy,"Barangay Hoyohoy, Purok 10",0,1,1,0,1,0,0,0,0,0,0,0,0,0,0,0,0,"ubo, lisod ug ginhawa, sakit sa dughan","Potential urgent respiratory event",High,"Emergency referral to nearest hospital or clinic",Immediate referral
P016,Shiela Eslawan,41,Tangub City,Owayan,"Purok 5, Owayan",0,0,0,1,0,1,0,0,1,1,0,0,0,0,0,0,0,"kapoy, kalibanga, wala gyuy gana mokaon, kaluya","Multi-symptom moderate case",Moderate,"Consult healthcare professional within 24 hours",Urgent evaluation
